<?xml version="1.0" encoding="UTF-8"?>
<office:document-content xmlns:office="urn:oasis:names:tc:opendocument:xmlns:office:1.0" xmlns:style="urn:oasis:names:tc:opendocument:xmlns:style:1.0" xmlns:text="urn:oasis:names:tc:opendocument:xmlns:text:1.0" xmlns:table="urn:oasis:names:tc:opendocument:xmlns:table:1.0" xmlns:draw="urn:oasis:names:tc:opendocument:xmlns:drawing:1.0" xmlns:fo="urn:oasis:names:tc:opendocument:xmlns:xsl-fo-compatible:1.0" xmlns:xlink="http://www.w3.org/1999/xlink" xmlns:dc="http://purl.org/dc/elements/1.1/" xmlns:meta="urn:oasis:names:tc:opendocument:xmlns:meta:1.0" xmlns:number="urn:oasis:names:tc:opendocument:xmlns:datastyle:1.0" xmlns:svg="urn:oasis:names:tc:opendocument:xmlns:svg-compatible:1.0" xmlns:chart="urn:oasis:names:tc:opendocument:xmlns:chart:1.0" xmlns:dr3d="urn:oasis:names:tc:opendocument:xmlns:dr3d:1.0" xmlns:math="http://www.w3.org/1998/Math/MathML" xmlns:form="urn:oasis:names:tc:opendocument:xmlns:form:1.0" xmlns:script="urn:oasis:names:tc:opendocument:xmlns:script:1.0" xmlns:ooo="http://openoffice.org/2004/office" xmlns:ooow="http://openoffice.org/2004/writer" xmlns:oooc="http://openoffice.org/2004/calc" xmlns:dom="http://www.w3.org/2001/xml-events" xmlns:xforms="http://www.w3.org/2002/xforms" xmlns:xsd="http://www.w3.org/2001/XMLSchema" xmlns:xsi="http://www.w3.org/2001/XMLSchema-instance" xmlns:rpt="http://openoffice.org/2005/report" xmlns:of="urn:oasis:names:tc:opendocument:xmlns:of:1.2" xmlns:xhtml="http://www.w3.org/1999/xhtml" xmlns:grddl="http://www.w3.org/2003/g/data-view#" xmlns:tableooo="http://openoffice.org/2009/table" xmlns:field="urn:openoffice:names:experimental:ooo-ms-interop:xmlns:field:1.0" xmlns:formx="urn:openoffice:names:experimental:ooxml-odf-interop:xmlns:form:1.0" xmlns:css3t="http://www.w3.org/TR/css3-text/" office:version="1.2"><office:scripts/><office:font-face-decls><style:font-face style:name="Lohit Hindi1" svg:font-family="&apos;Lohit Hindi&apos;"/><style:font-face style:name="OpenSymbol" svg:font-family="OpenSymbol"/><style:font-face style:name="Arial" svg:font-family="Arial" style:font-family-generic="roman"/><style:font-face style:name="Times New Roman" svg:font-family="&apos;Times New Roman&apos;" style:font-family-generic="roman"/><style:font-face style:name="DejaVuSans-Bold" svg:font-family="DejaVuSans-Bold" style:font-family-generic="swiss"/><style:font-face style:name="Liberation Serif" svg:font-family="&apos;Liberation Serif&apos;" style:font-family-generic="roman" style:font-pitch="variable"/><style:font-face style:name="Liberation Sans" svg:font-family="&apos;Liberation Sans&apos;" style:font-family-generic="swiss" style:font-pitch="variable"/><style:font-face style:name="Lohit Hindi" svg:font-family="&apos;Lohit Hindi&apos;" style:font-family-generic="system" style:font-pitch="variable"/><style:font-face style:name="WenQuanYi Micro Hei" svg:font-family="&apos;WenQuanYi Micro Hei&apos;" style:font-family-generic="system" style:font-pitch="variable"/></office:font-face-decls><office:automatic-styles><style:style style:name="Tabla1" style:family="table"><style:table-properties style:width="17cm" table:align="margins"/></style:style><style:style style:name="Tabla1.A" style:family="table-column"><style:table-column-properties style:column-width="4.249cm" style:rel-column-width="16383*"/></style:style><style:style style:name="Tabla1.D" style:family="table-column"><style:table-column-properties style:column-width="4.251cm" style:rel-column-width="16386*"/></style:style><style:style style:name="Tabla1.A1" style:family="table-cell"><style:table-cell-properties style:vertical-align="middle" fo:padding="0.097cm" fo:border="none"/></style:style><style:style style:name="Tabla1.2" style:family="table-row"><style:table-row-properties style:min-row-height="0.534cm"/></style:style><style:style style:name="Tabla4" style:family="table" style:master-page-name=""><style:table-properties style:width="17cm" style:page-number="auto" fo:break-before="auto" fo:break-after="auto" table:align="margins" fo:background-color="transparent" style:shadow="none" fo:keep-with-next="auto" style:may-break-between-rows="true" style:writing-mode="page"><style:background-image/></style:table-properties></style:style><style:style style:name="Tabla4.A" style:family="table-column"><style:table-column-properties style:column-width="5.667cm" style:rel-column-width="21845*"/></style:style><style:style style:name="Tabla4.1" style:family="table-row"><style:table-row-properties fo:background-color="transparent" fo:keep-together="auto"><style:background-image/></style:table-row-properties></style:style><style:style style:name="Tabla4.A1" style:family="table-cell"><style:table-cell-properties style:vertical-align="" fo:background-color="#99ccff" fo:padding="0.097cm" fo:border-left="0.05pt solid #000000" fo:border-right="none" fo:border-top="0.05pt solid #000000" fo:border-bottom="none"><style:background-image/></style:table-cell-properties></style:style><style:style style:name="Tabla4.C1" style:family="table-cell"><style:table-cell-properties style:vertical-align="" fo:background-color="#99ccff" fo:padding="0.097cm" fo:border-left="0.05pt solid #000000" fo:border-right="0.05pt solid #000000" fo:border-top="0.05pt solid #000000" fo:border-bottom="none"><style:background-image/></style:table-cell-properties></style:style><style:style style:name="Tabla4.A2" style:family="table-cell"><style:table-cell-properties style:vertical-align="" fo:background-color="transparent" fo:padding="0.097cm" fo:border-left="0.05pt solid #000000" fo:border-right="none" fo:border-top="0.05pt solid #000000" fo:border-bottom="0.05pt solid #000000"><style:background-image/></style:table-cell-properties></style:style><style:style style:name="Tabla4.C2" style:family="table-cell"><style:table-cell-properties style:vertical-align="" fo:background-color="transparent" fo:padding="0.097cm" fo:border="0.05pt solid #000000"><style:background-image/></style:table-cell-properties></style:style><style:style style:name="Tabla3" style:family="table" style:master-page-name=""><style:table-properties style:width="17cm" style:page-number="auto" fo:break-before="auto" fo:break-after="auto" table:align="margins" fo:background-color="transparent" style:shadow="none" fo:keep-with-next="auto" style:may-break-between-rows="true" style:writing-mode="page"><style:background-image/></style:table-properties></style:style><style:style style:name="Tabla3.A" style:family="table-column"><style:table-column-properties style:column-width="4.251cm" style:rel-column-width="16384*"/></style:style><style:style style:name="Tabla3.D" style:family="table-column"><style:table-column-properties style:column-width="4.249cm" style:rel-column-width="16383*"/></style:style><style:style style:name="Tabla3.1" style:family="table-row"><style:table-row-properties fo:background-color="transparent" fo:keep-together="auto"><style:background-image/></style:table-row-properties></style:style><style:style style:name="Tabla3.A1" style:family="table-cell"><style:table-cell-properties style:vertical-align="" fo:background-color="#99ccff" fo:padding="0.097cm" fo:border-left="0.05pt solid #000000" fo:border-right="none" fo:border-top="0.05pt solid #000000" fo:border-bottom="none"><style:background-image/></style:table-cell-properties></style:style><style:style style:name="Tabla3.D1" style:family="table-cell"><style:table-cell-properties style:vertical-align="" fo:background-color="#99ccff" fo:padding="0.097cm" fo:border-left="0.05pt solid #000000" fo:border-right="0.05pt solid #000000" fo:border-top="0.05pt solid #000000" fo:border-bottom="none"><style:background-image/></style:table-cell-properties></style:style><style:style style:name="Tabla3.A2" style:family="table-cell"><style:table-cell-properties style:vertical-align="" fo:background-color="transparent" fo:padding="0.097cm" fo:border-left="0.05pt solid #000000" fo:border-right="none" fo:border-top="0.05pt solid #000000" fo:border-bottom="0.05pt solid #000000"><style:background-image/></style:table-cell-properties></style:style><style:style style:name="Tabla3.D2" style:family="table-cell"><style:table-cell-properties style:vertical-align="" fo:background-color="transparent" fo:padding="0.097cm" fo:border="0.05pt solid #000000"><style:background-image/></style:table-cell-properties></style:style><style:style style:name="Tabla5" style:family="table"><style:table-properties style:width="4.057cm" table:align="margins"/></style:style><style:style style:name="Tabla5.A" style:family="table-column"><style:table-column-properties style:column-width="4.057cm" style:rel-column-width="65535*"/></style:style><style:style style:name="Tabla9" style:family="table" style:master-page-name=""><style:table-properties style:width="17cm" style:page-number="auto" fo:break-before="auto" fo:break-after="auto" table:align="margins" fo:background-color="transparent" style:shadow="none" fo:keep-with-next="auto" style:may-break-between-rows="true" style:writing-mode="page"><style:background-image/></style:table-properties></style:style><style:style style:name="Tabla9.A" style:family="table-column"><style:table-column-properties style:column-width="5.667cm" style:rel-column-width="21845*"/></style:style><style:style style:name="Tabla9.1" style:family="table-row"><style:table-row-properties fo:background-color="transparent" fo:keep-together="auto"><style:background-image/></style:table-row-properties></style:style><style:style style:name="Tabla9.A1" style:family="table-cell"><style:table-cell-properties style:vertical-align="" fo:background-color="#99ccff" fo:padding="0.097cm" fo:border-left="0.05pt solid #000000" fo:border-right="none" fo:border-top="0.05pt solid #000000" fo:border-bottom="none"><style:background-image/></style:table-cell-properties></style:style><style:style style:name="Tabla9.C1" style:family="table-cell"><style:table-cell-properties style:vertical-align="" fo:background-color="#99ccff" fo:padding="0.097cm" fo:border-left="0.05pt solid #000000" fo:border-right="0.05pt solid #000000" fo:border-top="0.05pt solid #000000" fo:border-bottom="none"><style:background-image/></style:table-cell-properties></style:style><style:style style:name="Tabla9.A2" style:family="table-cell"><style:table-cell-properties style:vertical-align="" fo:background-color="transparent" fo:padding="0.097cm" fo:border-left="0.05pt solid #000000" fo:border-right="none" fo:border-top="0.05pt solid #000000" fo:border-bottom="0.05pt solid #000000"><style:background-image/></style:table-cell-properties></style:style><style:style style:name="Tabla9.C2" style:family="table-cell"><style:table-cell-properties style:vertical-align="" fo:background-color="transparent" fo:padding="0.097cm" fo:border="0.05pt solid #000000"><style:background-image/></style:table-cell-properties></style:style><style:style style:name="Tabla6" style:family="table" style:master-page-name=""><style:table-properties style:width="17cm" style:page-number="auto" fo:break-before="auto" fo:break-after="auto" table:align="margins" fo:background-color="transparent" style:shadow="none" fo:keep-with-next="auto" style:may-break-between-rows="true" style:writing-mode="page"><style:background-image/></style:table-properties></style:style><style:style style:name="Tabla6.A" style:family="table-column"><style:table-column-properties style:column-width="2.141cm" style:rel-column-width="8254*"/></style:style><style:style style:name="Tabla6.B" style:family="table-column"><style:table-column-properties style:column-width="2.715cm" style:rel-column-width="10464*"/></style:style><style:style style:name="Tabla6.C" style:family="table-column"><style:table-column-properties style:column-width="2.159cm" style:rel-column-width="8322*"/></style:style><style:style style:name="Tabla6.D" style:family="table-column"><style:table-column-properties style:column-width="2.699cm" style:rel-column-width="10403*"/></style:style><style:style style:name="Tabla6.E" style:family="table-column"><style:table-column-properties style:column-width="2.018cm" style:rel-column-width="7778*"/></style:style><style:style style:name="Tabla6.F" style:family="table-column"><style:table-column-properties style:column-width="2.836cm" style:rel-column-width="10933*"/></style:style><style:style style:name="Tabla6.G" style:family="table-column"><style:table-column-properties style:column-width="2.434cm" style:rel-column-width="9381*"/></style:style><style:style style:name="Tabla6.1" style:family="table-row"><style:table-row-properties fo:background-color="transparent" fo:keep-together="auto"><style:background-image/></style:table-row-properties></style:style><style:style style:name="Tabla6.A1" style:family="table-cell"><style:table-cell-properties style:vertical-align="" fo:background-color="#99ccff" fo:padding="0.097cm" fo:border-left="0.05pt solid #000000" fo:border-right="none" fo:border-top="0.05pt solid #000000" fo:border-bottom="none"><style:background-image/></style:table-cell-properties></style:style><style:style style:name="Tabla6.G1" style:family="table-cell"><style:table-cell-properties style:vertical-align="" fo:background-color="#99ccff" fo:padding="0.097cm" fo:border-left="0.05pt solid #000000" fo:border-right="0.05pt solid #000000" fo:border-top="0.05pt solid #000000" fo:border-bottom="none"><style:background-image/></style:table-cell-properties></style:style><style:style style:name="Tabla6.A2" style:family="table-cell"><style:table-cell-properties style:vertical-align="" fo:background-color="transparent" fo:padding="0.097cm" fo:border-left="0.05pt solid #000000" fo:border-right="none" fo:border-top="0.05pt solid #000000" fo:border-bottom="none"><style:background-image/></style:table-cell-properties></style:style><style:style style:name="Tabla6.G2" style:family="table-cell"><style:table-cell-properties style:vertical-align="" fo:background-color="transparent" fo:padding="0.097cm" fo:border-left="0.05pt solid #000000" fo:border-right="0.05pt solid #000000" fo:border-top="0.05pt solid #000000" fo:border-bottom="none"><style:background-image/></style:table-cell-properties></style:style><style:style style:name="Tabla6.A3" style:family="table-cell"><style:table-cell-properties style:vertical-align="" fo:background-color="transparent" fo:padding="0.097cm" fo:border-left="none" fo:border-right="none" fo:border-top="0.05pt solid #000000" fo:border-bottom="none"><style:background-image/></style:table-cell-properties></style:style><style:style style:name="Tabla6.A4" style:family="table-cell"><style:table-cell-properties style:vertical-align="" fo:background-color="transparent" fo:padding="0.097cm" fo:border="none"><style:background-image/></style:table-cell-properties></style:style><style:style style:name="Tabla10" style:family="table" style:master-page-name=""><style:table-properties style:width="17cm" style:page-number="auto" fo:break-before="auto" fo:break-after="auto" table:align="margins" fo:background-color="transparent" style:shadow="none" fo:keep-with-next="auto" style:may-break-between-rows="true" style:writing-mode="page"><style:background-image/></style:table-properties></style:style><style:style style:name="Tabla10.A" style:family="table-column"><style:table-column-properties style:column-width="5.667cm" style:rel-column-width="21845*"/></style:style><style:style style:name="Tabla10.1" style:family="table-row"><style:table-row-properties fo:background-color="transparent" fo:keep-together="auto"><style:background-image/></style:table-row-properties></style:style><style:style style:name="Tabla10.A1" style:family="table-cell"><style:table-cell-properties style:vertical-align="" fo:background-color="#99ccff" fo:padding="0.097cm" fo:border-left="0.05pt solid #000000" fo:border-right="none" fo:border-top="0.05pt solid #000000" fo:border-bottom="none"><style:background-image/></style:table-cell-properties></style:style><style:style style:name="Tabla10.C1" style:family="table-cell"><style:table-cell-properties style:vertical-align="" fo:background-color="#99ccff" fo:padding="0.097cm" fo:border-left="0.05pt solid #000000" fo:border-right="0.05pt solid #000000" fo:border-top="0.05pt solid #000000" fo:border-bottom="none"><style:background-image/></style:table-cell-properties></style:style><style:style style:name="Tabla10.A2" style:family="table-cell"><style:table-cell-properties style:vertical-align="" fo:background-color="transparent" fo:padding="0.097cm" fo:border-left="0.05pt solid #000000" fo:border-right="none" fo:border-top="0.05pt solid #000000" fo:border-bottom="0.05pt solid #000000"><style:background-image/></style:table-cell-properties></style:style><style:style style:name="Tabla10.C2" style:family="table-cell"><style:table-cell-properties style:vertical-align="" fo:background-color="transparent" fo:padding="0.097cm" fo:border="0.05pt solid #000000"><style:background-image/></style:table-cell-properties></style:style><style:style style:name="Tabla11" style:family="table" style:master-page-name=""><style:table-properties style:width="17cm" style:page-number="auto" fo:break-before="auto" fo:break-after="auto" table:align="margins" fo:background-color="transparent" style:shadow="none" fo:keep-with-next="auto" style:may-break-between-rows="true" style:writing-mode="page"><style:background-image/></style:table-properties></style:style><style:style style:name="Tabla11.A" style:family="table-column"><style:table-column-properties style:column-width="8.5cm" style:rel-column-width="32767*"/></style:style><style:style style:name="Tabla11.B" style:family="table-column"><style:table-column-properties style:column-width="8.5cm" style:rel-column-width="32768*"/></style:style><style:style style:name="Tabla11.1" style:family="table-row"><style:table-row-properties fo:background-color="transparent" fo:keep-together="auto"><style:background-image/></style:table-row-properties></style:style><style:style style:name="Tabla11.A1" style:family="table-cell"><style:table-cell-properties style:vertical-align="" fo:background-color="#99ccff" fo:padding="0.097cm" fo:border-left="0.05pt solid #000000" fo:border-right="none" fo:border-top="0.05pt solid #000000" fo:border-bottom="none"><style:background-image/></style:table-cell-properties></style:style><style:style style:name="Tabla11.B1" style:family="table-cell"><style:table-cell-properties style:vertical-align="" fo:background-color="#99ccff" fo:padding="0.097cm" fo:border-left="0.05pt solid #000000" fo:border-right="0.05pt solid #000000" fo:border-top="0.05pt solid #000000" fo:border-bottom="none"><style:background-image/></style:table-cell-properties></style:style><style:style style:name="Tabla11.A2" style:family="table-cell"><style:table-cell-properties style:vertical-align="" fo:background-color="transparent" fo:padding="0.097cm" fo:border-left="0.05pt solid #000000" fo:border-right="none" fo:border-top="0.05pt solid #000000" fo:border-bottom="0.05pt solid #000000"><style:background-image/></style:table-cell-properties></style:style><style:style style:name="Tabla11.B2" style:family="table-cell"><style:table-cell-properties style:vertical-align="" fo:background-color="transparent" fo:padding="0.097cm" fo:border="0.05pt solid #000000"><style:background-image/></style:table-cell-properties></style:style><style:style style:name="Tabla12" style:family="table"><style:table-properties style:width="17cm" table:align="margins"/></style:style><style:style style:name="Tabla12.A" style:family="table-column"><style:table-column-properties style:column-width="3.186cm" style:rel-column-width="12280*"/></style:style><style:style style:name="Tabla12.B" style:family="table-column"><style:table-column-properties style:column-width="5.36cm" style:rel-column-width="20664*"/></style:style><style:style style:name="Tabla12.C" style:family="table-column"><style:table-column-properties style:column-width="3.865cm" style:rel-column-width="14898*"/></style:style><style:style style:name="Tabla12.D" style:family="table-column"><style:table-column-properties style:column-width="4.59cm" style:rel-column-width="17693*"/></style:style><style:style style:name="Tabla12.1" style:family="table-row"><style:table-row-properties style:min-row-height="0.58cm"/></style:style><style:style style:name="Tabla12.A1" style:family="table-cell"><style:table-cell-properties fo:padding="0.097cm" fo:border="none"/></style:style><style:style style:name="Tabla13" style:family="table" style:master-page-name=""><style:table-properties style:width="17cm" style:page-number="auto" fo:break-before="auto" fo:break-after="auto" table:align="margins" fo:background-color="transparent" style:shadow="none" fo:keep-with-next="auto" style:may-break-between-rows="true" style:writing-mode="page"><style:background-image/></style:table-properties></style:style><style:style style:name="Tabla13.A" style:family="table-column"><style:table-column-properties style:column-width="17cm" style:rel-column-width="65535*"/></style:style><style:style style:name="Tabla13.1" style:family="table-row"><style:table-row-properties fo:background-color="transparent" fo:keep-together="auto"><style:background-image/></style:table-row-properties></style:style><style:style style:name="Tabla13.A1" style:family="table-cell"><style:table-cell-properties style:vertical-align="" fo:background-color="#99ccff" fo:padding="0.097cm" fo:border-left="0.05pt solid #000000" fo:border-right="0.05pt solid #000000" fo:border-top="0.05pt solid #000000" fo:border-bottom="none"><style:background-image/></style:table-cell-properties></style:style><style:style style:name="Tabla13.A2" style:family="table-cell"><style:table-cell-properties style:vertical-align="" fo:background-color="transparent" fo:padding="0.097cm" fo:border-left="0.05pt solid #000000" fo:border-right="none" fo:border-top="0.05pt solid #000000" fo:border-bottom="0.05pt solid #000000"><style:background-image/></style:table-cell-properties></style:style><style:style style:name="Tabla14" style:family="table" style:master-page-name=""><style:table-properties style:width="17cm" style:page-number="auto" fo:break-before="auto" fo:break-after="auto" table:align="margins" fo:background-color="transparent" style:shadow="none" fo:keep-with-next="auto" style:may-break-between-rows="true" style:writing-mode="page"><style:background-image/></style:table-properties></style:style><style:style style:name="Tabla14.A" style:family="table-column"><style:table-column-properties style:column-width="5.667cm" style:rel-column-width="21845*"/></style:style><style:style style:name="Tabla14.1" style:family="table-row"><style:table-row-properties fo:background-color="transparent" fo:keep-together="auto"><style:background-image/></style:table-row-properties></style:style><style:style style:name="Tabla14.A1" style:family="table-cell"><style:table-cell-properties style:vertical-align="" fo:background-color="#99ccff" fo:padding="0.097cm" fo:border-left="0.05pt solid #000000" fo:border-right="none" fo:border-top="0.05pt solid #000000" fo:border-bottom="none"><style:background-image/></style:table-cell-properties></style:style><style:style style:name="Tabla14.C1" style:family="table-cell"><style:table-cell-properties style:vertical-align="" fo:background-color="#99ccff" fo:padding="0.097cm" fo:border-left="0.05pt solid #000000" fo:border-right="0.05pt solid #000000" fo:border-top="0.05pt solid #000000" fo:border-bottom="none"><style:background-image/></style:table-cell-properties></style:style><style:style style:name="Tabla14.A2" style:family="table-cell"><style:table-cell-properties style:vertical-align="" fo:background-color="transparent" fo:padding="0.097cm" fo:border-left="0.05pt solid #000000" fo:border-right="none" fo:border-top="0.05pt solid #000000" fo:border-bottom="0.05pt solid #000000"><style:background-image/></style:table-cell-properties></style:style><style:style style:name="Tabla14.C2" style:family="table-cell"><style:table-cell-properties style:vertical-align="" fo:background-color="transparent" fo:padding="0.097cm" fo:border="0.05pt solid #000000"><style:background-image/></style:table-cell-properties></style:style><style:style style:name="Tabla2" style:family="table" style:master-page-name=""><style:table-properties style:width="17cm" style:page-number="auto" fo:break-before="auto" fo:break-after="auto" table:align="margins" fo:background-color="transparent" style:shadow="none" fo:keep-with-next="auto" style:may-break-between-rows="true" style:writing-mode="page"><style:background-image/></style:table-properties></style:style><style:style style:name="Tabla2.A" style:family="table-column"><style:table-column-properties style:column-width="8.5cm" style:rel-column-width="32767*"/></style:style><style:style style:name="Tabla2.B" style:family="table-column"><style:table-column-properties style:column-width="8.5cm" style:rel-column-width="32768*"/></style:style><style:style style:name="Tabla2.A1" style:family="table-cell"><style:table-cell-properties fo:background-color="#99ccff" fo:padding="0.097cm" fo:border-left="0.05pt solid #000000" fo:border-right="none" fo:border-top="0.05pt solid #000000" fo:border-bottom="0.05pt solid #000000"><style:background-image/></style:table-cell-properties></style:style><style:style style:name="Tabla2.B1" style:family="table-cell"><style:table-cell-properties fo:background-color="#99ccff" fo:padding="0.097cm" fo:border="0.05pt solid #000000"><style:background-image/></style:table-cell-properties></style:style><style:style style:name="Tabla2.2" style:family="table-row"><style:table-row-properties fo:background-color="transparent" fo:keep-together="auto"><style:background-image/></style:table-row-properties></style:style><style:style style:name="Tabla2.A2" style:family="table-cell"><style:table-cell-properties style:vertical-align="" fo:background-color="transparent" fo:padding="0.097cm" fo:border-left="0.05pt solid #000000" fo:border-right="none" fo:border-top="0.05pt solid #000000" fo:border-bottom="0.05pt solid #000000"><style:background-image/></style:table-cell-properties></style:style><style:style style:name="Tabla2.B2" style:family="table-cell"><style:table-cell-properties style:vertical-align="" fo:background-color="transparent" fo:padding="0.097cm" fo:border="0.05pt solid #000000"><style:background-image/></style:table-cell-properties></style:style><style:style style:name="Tabla7" style:family="table" style:master-page-name=""><style:table-properties style:width="17cm" style:page-number="auto" fo:break-before="auto" fo:break-after="auto" table:align="margins" fo:background-color="transparent" style:shadow="none" fo:keep-with-next="auto" style:may-break-between-rows="true" style:writing-mode="page"><style:background-image/></style:table-properties></style:style><style:style style:name="Tabla7.A" style:family="table-column"><style:table-column-properties style:column-width="8.5cm" style:rel-column-width="32767*"/></style:style><style:style style:name="Tabla7.B" style:family="table-column"><style:table-column-properties style:column-width="8.5cm" style:rel-column-width="32768*"/></style:style><style:style style:name="Tabla7.A1" style:family="table-cell"><style:table-cell-properties fo:background-color="#99ccff" fo:padding="0.097cm" fo:border-left="0.05pt solid #000000" fo:border-right="none" fo:border-top="0.05pt solid #000000" fo:border-bottom="0.05pt solid #000000"><style:background-image/></style:table-cell-properties></style:style><style:style style:name="Tabla7.B1" style:family="table-cell"><style:table-cell-properties fo:background-color="#99ccff" fo:padding="0.097cm" fo:border="0.05pt solid #000000"><style:background-image/></style:table-cell-properties></style:style><style:style style:name="Tabla7.2" style:family="table-row"><style:table-row-properties fo:background-color="transparent" fo:keep-together="auto"><style:background-image/></style:table-row-properties></style:style><style:style style:name="Tabla7.A2" style:family="table-cell"><style:table-cell-properties style:vertical-align="" fo:background-color="transparent" fo:padding="0.097cm" fo:border-left="0.05pt solid #000000" fo:border-right="none" fo:border-top="0.05pt solid #000000" fo:border-bottom="0.05pt solid #000000"><style:background-image/></style:table-cell-properties></style:style><style:style style:name="Tabla7.B2" style:family="table-cell"><style:table-cell-properties style:vertical-align="" fo:background-color="transparent" fo:padding="0.097cm" fo:border="0.05pt solid #000000"><style:background-image/></style:table-cell-properties></style:style><style:style style:name="Tabla8" style:family="table" style:master-page-name=""><style:table-properties style:width="17cm" style:page-number="auto" fo:break-before="auto" fo:break-after="auto" table:align="margins" fo:background-color="transparent" style:shadow="none" fo:keep-with-next="auto" style:may-break-between-rows="true" style:writing-mode="page"><style:background-image/></style:table-properties></style:style><style:style style:name="Tabla8.A" style:family="table-column"><style:table-column-properties style:column-width="8.5cm" style:rel-column-width="32767*"/></style:style><style:style style:name="Tabla8.B" style:family="table-column"><style:table-column-properties style:column-width="8.5cm" style:rel-column-width="32768*"/></style:style><style:style style:name="Tabla8.A1" style:family="table-cell"><style:table-cell-properties fo:background-color="#99ccff" fo:padding="0.097cm" fo:border-left="0.05pt solid #000000" fo:border-right="none" fo:border-top="0.05pt solid #000000" fo:border-bottom="0.05pt solid #000000"><style:background-image/></style:table-cell-properties></style:style><style:style style:name="Tabla8.B1" style:family="table-cell"><style:table-cell-properties fo:background-color="#99ccff" fo:padding="0.097cm" fo:border="0.05pt solid #000000"><style:background-image/></style:table-cell-properties></style:style><style:style style:name="Tabla8.2" style:family="table-row"><style:table-row-properties fo:background-color="transparent" fo:keep-together="auto"><style:background-image/></style:table-row-properties></style:style><style:style style:name="Tabla8.A2" style:family="table-cell"><style:table-cell-properties style:vertical-align="" fo:background-color="transparent" fo:padding="0.097cm" fo:border-left="0.05pt solid #000000" fo:border-right="none" fo:border-top="0.05pt solid #000000" fo:border-bottom="0.05pt solid #000000"><style:background-image/></style:table-cell-properties></style:style><style:style style:name="Tabla8.B2" style:family="table-cell"><style:table-cell-properties style:vertical-align="" fo:background-color="transparent" fo:padding="0.097cm" fo:border="0.05pt solid #000000"><style:background-image/></style:table-cell-properties></style:style><style:style style:name="P1" style:family="paragraph" style:parent-style-name="Standard"><style:paragraph-properties fo:text-align="end" style:justify-single-word="false"/><style:text-properties style:font-name="Arial" fo:font-size="9.5pt" style:font-size-asian="9.5pt"/></style:style><style:style style:name="P2" style:family="paragraph" style:parent-style-name="Standard"><style:text-properties style:font-name="Arial" fo:font-size="9.5pt" fo:font-weight="bold" style:font-size-asian="9.5pt" style:font-weight-asian="bold"/></style:style><style:style style:name="P3" style:family="paragraph" style:parent-style-name="Standard"><style:text-properties style:font-name="Arial" fo:font-size="9.5pt" fo:font-weight="normal" style:font-size-asian="9.5pt" style:font-weight-asian="normal" style:font-weight-complex="normal"/></style:style><style:style style:name="P4" style:family="paragraph" style:parent-style-name="Standard"><style:text-properties fo:color="#7c7bad" style:font-name="Arial" fo:font-size="9.5pt" fo:font-weight="bold" style:font-size-asian="9.5pt" style:font-weight-asian="bold"/></style:style><style:style style:name="P5" style:family="paragraph" style:parent-style-name="Standard"><style:paragraph-properties fo:margin-left="0.071cm" fo:margin-right="0cm" fo:text-align="start" style:justify-single-word="false" fo:text-indent="0cm" style:auto-text-indent="false"/><style:text-properties style:font-name="Arial" fo:font-size="9.5pt" fo:font-weight="bold" style:font-size-asian="9.5pt" style:font-weight-asian="bold"/></style:style><style:style style:name="P6" style:family="paragraph" style:parent-style-name="Standard"><style:paragraph-properties fo:margin-left="0.071cm" fo:margin-right="0cm" fo:text-align="start" style:justify-single-word="false" fo:text-indent="0cm" style:auto-text-indent="false" style:text-autospace="none"/><style:text-properties fo:color="#7c7bad" style:font-name="Arial" fo:font-size="18pt" style:font-name-asian="DejaVuSans-Bold" style:font-size-asian="18pt" style:font-name-complex="DejaVuSans-Bold" style:font-size-complex="18pt"/></style:style><style:style style:name="P7" style:family="paragraph" style:parent-style-name="Standard"><style:paragraph-properties fo:margin-left="0.071cm" fo:margin-right="0cm" fo:text-align="start" style:justify-single-word="false" fo:text-indent="0cm" style:auto-text-indent="false" style:text-autospace="none"/><style:text-properties fo:color="#7c7bad" style:font-name="Arial" fo:font-size="12pt" fo:font-weight="bold" style:font-name-asian="DejaVuSans-Bold" style:font-size-asian="12pt" style:font-weight-asian="bold" style:font-name-complex="DejaVuSans-Bold" style:font-size-complex="12pt"/></style:style><style:style style:name="P8" style:family="paragraph" style:parent-style-name="Table_20_Contents"><style:paragraph-properties fo:margin-left="0.071cm" fo:margin-right="0cm" fo:text-align="start" style:justify-single-word="false" fo:text-indent="0cm" style:auto-text-indent="false"/><style:text-properties style:font-name="Arial" fo:font-size="9.5pt" fo:font-weight="normal" style:font-size-asian="9.5pt" style:font-weight-asian="normal" style:font-weight-complex="normal"/></style:style><style:style style:name="P9" style:family="paragraph" style:parent-style-name="Standard"><style:paragraph-properties fo:margin-left="0.007cm" fo:margin-right="0.547cm" fo:text-indent="0cm" style:auto-text-indent="false"/></style:style><style:style style:name="P10" style:family="paragraph" style:parent-style-name="Standard"><style:paragraph-properties fo:margin-left="0.007cm" fo:margin-right="0.547cm" fo:text-align="start" style:justify-single-word="false" fo:text-indent="0cm" style:auto-text-indent="false"/><style:text-properties style:font-name="Arial" fo:font-size="9.5pt" fo:font-weight="bold" style:font-size-asian="9.5pt" style:font-weight-asian="bold"/></style:style><style:style style:name="P11" style:family="paragraph" style:parent-style-name="Table_20_Contents"><style:paragraph-properties fo:margin-left="0.007cm" fo:margin-right="0.547cm" fo:text-indent="0cm" style:auto-text-indent="false"/></style:style><style:style style:name="P12" style:family="paragraph" style:parent-style-name="Standard"><style:paragraph-properties fo:margin-left="0.212cm" fo:margin-right="0cm" fo:text-align="start" style:justify-single-word="false" fo:text-indent="0cm" style:auto-text-indent="false"/><style:text-properties style:use-window-font-color="true" style:font-name="Arial" fo:font-size="9.5pt" fo:font-weight="bold" fo:background-color="transparent" style:font-name-asian="DejaVuSans-Bold" style:font-size-asian="9.5pt" style:font-weight-asian="bold" style:font-name-complex="DejaVuSans-Bold" style:font-size-complex="12pt"/></style:style><style:style style:name="P13" style:family="paragraph" style:parent-style-name="Standard"><style:paragraph-properties fo:margin-left="0.212cm" fo:margin-right="0cm" fo:text-align="start" style:justify-single-word="false" fo:text-indent="0cm" style:auto-text-indent="false"/><style:text-properties style:use-window-font-color="true" style:font-name="Times New Roman" fo:font-size="9.5pt" fo:font-weight="bold" fo:background-color="transparent" style:font-name-asian="DejaVuSans-Bold" style:font-size-asian="9.5pt" style:font-weight-asian="bold" style:font-name-complex="DejaVuSans-Bold" style:font-size-complex="12pt"/></style:style><style:style style:name="P14" style:family="paragraph" style:parent-style-name="Standard"><style:paragraph-properties fo:margin-left="0.176cm" fo:margin-right="0cm" fo:text-align="start" style:justify-single-word="false" fo:text-indent="0cm" style:auto-text-indent="false"/><style:text-properties style:font-name="Arial" fo:font-size="9.5pt" style:font-size-asian="9.5pt"/></style:style><style:style style:name="P15" style:family="paragraph" style:parent-style-name="Standard"><style:paragraph-properties fo:margin-left="0cm" fo:margin-right="2.505cm" fo:text-align="center" style:justify-single-word="false" fo:text-indent="0cm" style:auto-text-indent="false"/><style:text-properties fo:color="#7c7bad" style:font-name="Arial" fo:font-size="9.5pt" style:font-size-asian="9.5pt"/></style:style><style:style style:name="P16" style:family="paragraph" style:parent-style-name="Standard"><style:paragraph-properties fo:margin-left="0.141cm" fo:margin-right="0cm" fo:text-align="center" style:justify-single-word="false" fo:text-indent="0cm" style:auto-text-indent="false"/><style:text-properties style:font-name="Arial" fo:font-size="9.5pt" fo:font-weight="bold" style:font-size-asian="9.5pt" style:font-weight-asian="bold"/></style:style><style:style style:name="P17" style:family="paragraph" style:parent-style-name="Standard"><style:paragraph-properties fo:margin-left="0.007cm" fo:margin-right="0.007cm" fo:text-align="center" style:justify-single-word="false" fo:text-indent="0cm" style:auto-text-indent="false"/><style:text-properties style:font-name="Arial" fo:font-size="9.5pt" fo:font-weight="bold" style:font-size-asian="9.5pt" style:font-weight-asian="bold"/></style:style><style:style style:name="P18" style:family="paragraph" style:parent-style-name="Standard"><style:paragraph-properties fo:text-align="start" style:justify-single-word="false" style:text-autospace="none"/><style:text-properties fo:color="#7c7bae" style:font-name="DejaVuSans-Bold" fo:font-size="12pt" style:font-name-asian="DejaVuSans-Bold" style:font-size-asian="12pt" style:font-name-complex="DejaVuSans-Bold" style:font-size-complex="12pt"/></style:style><style:style style:name="P19" style:family="paragraph" style:parent-style-name="Standard"><style:text-properties style:font-name="Arial" fo:font-size="9.5pt" style:font-size-asian="9.5pt"/></style:style><style:style style:name="P20" style:family="paragraph" style:parent-style-name="Standard"><style:text-properties style:font-name="Arial" fo:font-size="9.5pt" fo:font-weight="bold" style:font-size-asian="9.5pt" style:font-weight-asian="bold"/></style:style><style:style style:name="P21" style:family="paragraph" style:parent-style-name="Standard"><style:paragraph-properties fo:text-align="start" style:justify-single-word="false"/><style:text-properties style:font-name="Arial" fo:font-size="9.5pt" fo:font-weight="bold" style:font-size-asian="9.5pt" style:font-weight-asian="bold"/></style:style><style:style style:name="P22" style:family="paragraph" style:parent-style-name="Standard"><style:text-properties style:font-name="Arial" fo:font-size="9.5pt" fo:font-weight="normal" style:font-size-asian="9.5pt" style:font-weight-asian="normal" style:font-weight-complex="normal"/></style:style><style:style style:name="P23" style:family="paragraph" style:parent-style-name="Standard"><style:paragraph-properties fo:text-align="start" style:justify-single-word="false" style:text-autospace="none"/></style:style><style:style style:name="P24" style:family="paragraph" style:parent-style-name="Standard"><style:paragraph-properties fo:text-align="start" style:justify-single-word="false" style:text-autospace="none"/><style:text-properties fo:color="#7c7bad" style:font-name="Arial" fo:font-size="12pt" fo:font-weight="bold" style:font-name-asian="DejaVuSans-Bold" style:font-size-asian="12pt" style:font-weight-asian="bold" style:font-name-complex="DejaVuSans-Bold" style:font-size-complex="12pt"/></style:style><style:style style:name="P25" style:family="paragraph" style:parent-style-name="Standard"><style:text-properties fo:color="#7c7bad" style:font-name="Arial" fo:font-size="9.5pt" fo:font-weight="bold" style:font-size-asian="9.5pt" style:font-weight-asian="bold"/></style:style><style:style style:name="P26" style:family="paragraph" style:parent-style-name="Standard"><style:paragraph-properties fo:margin-left="0.071cm" fo:margin-right="0cm" fo:text-align="start" style:justify-single-word="false" fo:text-indent="0cm" style:auto-text-indent="false"/><style:text-properties style:font-name="Arial" fo:font-size="9.5pt" fo:font-weight="bold" style:font-size-asian="9.5pt" style:font-weight-asian="bold"/></style:style><style:style style:name="P27" style:family="paragraph" style:parent-style-name="Standard"><style:paragraph-properties fo:margin-left="0.071cm" fo:margin-right="0cm" fo:text-align="start" style:justify-single-word="false" fo:text-indent="0cm" style:auto-text-indent="false" style:text-autospace="none"/></style:style><style:style style:name="P28" style:family="paragraph" style:parent-style-name="Standard"><style:paragraph-properties fo:margin-left="0.071cm" fo:margin-right="0cm" fo:text-align="start" style:justify-single-word="false" fo:text-indent="0cm" style:auto-text-indent="false" style:text-autospace="none"/><style:text-properties fo:font-size="6pt" style:font-size-asian="5.25pt" style:font-size-complex="6pt"/></style:style><style:style style:name="P29" style:family="paragraph" style:parent-style-name="Standard"><style:paragraph-properties fo:margin-left="0.071cm" fo:margin-right="0cm" fo:text-align="start" style:justify-single-word="false" fo:text-indent="0cm" style:auto-text-indent="false" style:text-autospace="none"/><style:text-properties fo:color="#7c7bad" style:font-name="Arial" fo:font-size="12pt" fo:font-weight="bold" style:font-name-asian="DejaVuSans-Bold" style:font-size-asian="12pt" style:font-weight-asian="bold" style:font-name-complex="DejaVuSans-Bold" style:font-size-complex="12pt"/></style:style><style:style style:name="P30" style:family="paragraph" style:parent-style-name="Standard"><style:paragraph-properties fo:margin-left="0.071cm" fo:margin-right="0cm" fo:text-align="start" style:justify-single-word="false" fo:text-indent="0cm" style:auto-text-indent="false" style:text-autospace="none"/><style:text-properties fo:color="#7c7bad" style:font-name="Arial" fo:font-size="18pt" style:font-name-asian="DejaVuSans-Bold" style:font-size-asian="18pt" style:font-name-complex="DejaVuSans-Bold" style:font-size-complex="18pt"/></style:style><style:style style:name="P31" style:family="paragraph" style:parent-style-name="Standard"><style:paragraph-properties fo:margin-left="0.071cm" fo:margin-right="0cm" fo:text-align="start" style:justify-single-word="false" fo:text-indent="0cm" style:auto-text-indent="false" style:text-autospace="none"/><style:text-properties fo:color="#7c7bad" style:font-name="Arial" fo:font-size="6pt" fo:font-weight="bold" style:font-name-asian="DejaVuSans-Bold" style:font-size-asian="6pt" style:font-weight-asian="bold" style:font-name-complex="DejaVuSans-Bold" style:font-size-complex="6pt"/></style:style><style:style style:name="P32" style:family="paragraph" style:parent-style-name="Standard"><style:paragraph-properties fo:margin-left="0.071cm" fo:margin-right="0cm" fo:text-align="start" style:justify-single-word="false" fo:text-indent="0cm" style:auto-text-indent="false" style:text-autospace="none"/><style:text-properties fo:color="#7c7bad" style:font-name="Arial" fo:font-size="6pt" fo:font-weight="bold" style:font-name-asian="DejaVuSans-Bold" style:font-size-asian="5.25pt" style:font-weight-asian="bold" style:font-name-complex="DejaVuSans-Bold" style:font-size-complex="6pt"/></style:style><style:style style:name="P33" style:family="paragraph" style:parent-style-name="Standard"><style:paragraph-properties fo:margin-left="0.071cm" fo:margin-right="0cm" fo:text-align="start" style:justify-single-word="false" fo:text-indent="0cm" style:auto-text-indent="false" style:text-autospace="none"/><style:text-properties fo:color="#7c7bae" style:font-name="DejaVuSans-Bold" fo:font-size="12pt" style:font-name-asian="DejaVuSans-Bold" style:font-size-asian="12pt" style:font-name-complex="DejaVuSans-Bold" style:font-size-complex="12pt"/></style:style><style:style style:name="P34" style:family="paragraph" style:parent-style-name="Standard"><style:paragraph-properties fo:margin-left="0.071cm" fo:margin-right="0cm" fo:text-align="start" style:justify-single-word="false" fo:text-indent="0cm" style:auto-text-indent="false" fo:break-before="auto" fo:break-after="auto" style:text-autospace="none"/><style:text-properties fo:color="#7c7bad" style:font-name="Arial" fo:font-size="18pt" style:font-name-asian="DejaVuSans-Bold" style:font-size-asian="18pt" style:font-name-complex="DejaVuSans-Bold" style:font-size-complex="18pt"/></style:style><style:style style:name="P35" style:family="paragraph" style:parent-style-name="Standard"><style:paragraph-properties fo:margin-left="0.007cm" fo:margin-right="0.547cm" fo:text-indent="0cm" style:auto-text-indent="false"/></style:style><style:style style:name="P36" style:family="paragraph" style:parent-style-name="Standard"><style:paragraph-properties fo:margin-left="0.007cm" fo:margin-right="0.547cm" fo:text-align="start" style:justify-single-word="false" fo:text-indent="0cm" style:auto-text-indent="false"/><style:text-properties style:font-name="Arial" fo:font-size="9.5pt" fo:font-weight="bold" style:font-size-asian="9.5pt" style:font-weight-asian="bold"/></style:style><style:style style:name="P37" style:family="paragraph" style:parent-style-name="Standard"><style:paragraph-properties fo:margin-left="0.212cm" fo:margin-right="0cm" fo:text-align="start" style:justify-single-word="false" fo:text-indent="0cm" style:auto-text-indent="false"/><style:text-properties style:use-window-font-color="true" style:font-name="Arial" fo:font-size="9.5pt" fo:font-weight="bold" fo:background-color="transparent" style:font-name-asian="DejaVuSans-Bold" style:font-size-asian="9.5pt" style:font-weight-asian="bold" style:font-name-complex="DejaVuSans-Bold" style:font-size-complex="12pt"/></style:style><style:style style:name="P38" style:family="paragraph" style:parent-style-name="Standard"><style:paragraph-properties fo:margin-left="0.212cm" fo:margin-right="0cm" fo:text-align="start" style:justify-single-word="false" fo:text-indent="0cm" style:auto-text-indent="false"/><style:text-properties style:use-window-font-color="true" style:font-name="Times New Roman" fo:font-size="9.5pt" fo:font-weight="bold" fo:background-color="transparent" style:font-name-asian="DejaVuSans-Bold" style:font-size-asian="9.5pt" style:font-weight-asian="bold" style:font-name-complex="DejaVuSans-Bold" style:font-size-complex="12pt"/></style:style><style:style style:name="P39" style:family="paragraph" style:parent-style-name="Standard"><style:paragraph-properties fo:margin-left="0cm" fo:margin-right="0cm" fo:text-align="start" style:justify-single-word="false" fo:text-indent="0cm" style:auto-text-indent="false" style:text-autospace="none"/><style:text-properties fo:color="#7c7bad" style:font-name="Arial" fo:font-size="12pt" fo:font-weight="bold" style:font-name-asian="DejaVuSans-Bold" style:font-size-asian="12pt" style:font-weight-asian="bold" style:font-name-complex="DejaVuSans-Bold" style:font-size-complex="12pt"/></style:style><style:style style:name="P40" style:family="paragraph" style:parent-style-name="Standard"><style:paragraph-properties fo:margin-left="0cm" fo:margin-right="0cm" fo:text-align="start" style:justify-single-word="false" fo:text-indent="0cm" style:auto-text-indent="false" style:text-autospace="none"/><style:text-properties fo:color="#7c7bad" style:font-name="Arial" fo:font-size="18pt" style:font-name-asian="DejaVuSans-Bold" style:font-size-asian="18pt" style:font-name-complex="DejaVuSans-Bold" style:font-size-complex="18pt"/></style:style><style:style style:name="P41" style:family="paragraph" style:parent-style-name="Standard"><style:paragraph-properties fo:margin-left="0cm" fo:margin-right="0cm" fo:text-align="start" style:justify-single-word="false" fo:text-indent="0cm" style:auto-text-indent="false" style:text-autospace="none"/></style:style><style:style style:name="P42" style:family="paragraph" style:parent-style-name="Standard"><style:paragraph-properties fo:margin-left="0cm" fo:margin-right="0cm" fo:text-align="start" style:justify-single-word="false" fo:text-indent="0cm" style:auto-text-indent="false" style:text-autospace="none"/><style:text-properties fo:color="#7c7bae" style:font-name="DejaVuSans-Bold" fo:font-size="12pt" style:font-name-asian="DejaVuSans-Bold" style:font-size-asian="12pt" style:font-name-complex="DejaVuSans-Bold" style:font-size-complex="12pt"/></style:style><style:style style:name="P43" style:family="paragraph" style:parent-style-name="Standard"><style:paragraph-properties fo:margin-left="0.141cm" fo:margin-right="0cm" fo:text-indent="0cm" style:auto-text-indent="false"/><style:text-properties style:font-name="Arial" fo:font-size="9.5pt" fo:font-weight="bold" style:font-size-asian="9.5pt" style:font-weight-asian="bold"/></style:style><style:style style:name="P44" style:family="paragraph" style:parent-style-name="Standard"><style:paragraph-properties fo:margin-left="0.141cm" fo:margin-right="0cm" fo:text-align="center" style:justify-single-word="false" fo:text-indent="0cm" style:auto-text-indent="false"/><style:text-properties style:font-name="Arial" fo:font-size="9.5pt" fo:font-weight="bold" style:font-size-asian="9.5pt" style:font-weight-asian="bold"/></style:style><style:style style:name="P45" style:family="paragraph" style:parent-style-name="Standard"><style:paragraph-properties fo:margin-left="0.007cm" fo:margin-right="0.007cm" fo:text-align="center" style:justify-single-word="false" fo:text-indent="0cm" style:auto-text-indent="false"/><style:text-properties style:font-name="Arial" fo:font-size="9.5pt" fo:font-weight="bold" style:font-size-asian="9.5pt" style:font-weight-asian="bold"/></style:style><style:style style:name="P46" style:family="paragraph" style:parent-style-name="Table_20_Contents"><style:paragraph-properties fo:text-align="start" style:justify-single-word="false"/><style:text-properties style:font-name="DejaVuSans-Bold" fo:font-size="12pt" style:font-name-asian="DejaVuSans-Bold" style:font-size-asian="12pt" style:font-name-complex="DejaVuSans-Bold" style:font-size-complex="12pt"/></style:style><style:style style:name="P47" style:family="paragraph" style:parent-style-name="Table_20_Contents"><style:paragraph-properties fo:text-align="start" style:justify-single-word="false"/><style:text-properties style:font-name="DejaVuSans-Bold" fo:font-size="12pt" fo:font-weight="normal" style:font-name-asian="DejaVuSans-Bold" style:font-size-asian="12pt" style:font-weight-asian="normal" style:font-name-complex="DejaVuSans-Bold" style:font-size-complex="12pt" style:font-weight-complex="normal"/></style:style><style:style style:name="P48" style:family="paragraph" style:parent-style-name="Table_20_Contents"><style:paragraph-properties fo:margin-left="0.071cm" fo:margin-right="0cm" fo:text-align="start" style:justify-single-word="false" fo:text-indent="0cm" style:auto-text-indent="false" style:text-autospace="none"/><style:text-properties fo:color="#7c7bad" style:font-name="Arial" fo:font-size="12pt" fo:font-weight="bold" style:font-name-asian="DejaVuSans-Bold" style:font-size-asian="12pt" style:font-weight-asian="bold" style:font-name-complex="DejaVuSans-Bold" style:font-size-complex="12pt"/></style:style><style:style style:name="T1" style:family="text"><style:text-properties fo:color="#7c7bad" style:font-name="Arial" fo:font-size="6pt" fo:font-weight="bold" style:font-size-asian="6pt" style:font-weight-asian="bold" style:font-size-complex="6pt"/></style:style><style:style style:name="T2" style:family="text"><style:text-properties fo:color="#7c7bad" style:font-name="Arial" fo:font-size="18pt" style:font-name-asian="DejaVuSans-Bold" style:font-size-asian="18pt" style:font-name-complex="DejaVuSans-Bold" style:font-size-complex="18pt"/></style:style><style:style style:name="T3" style:family="text"><style:text-properties style:font-name="Times New Roman"/></style:style><style:style style:name="T4" style:family="text"><style:text-properties fo:color="#7c7bae" style:font-name="DejaVuSans-Bold" fo:font-size="12pt" style:font-name-asian="DejaVuSans-Bold" style:font-size-asian="12pt" style:font-name-complex="DejaVuSans-Bold" style:font-size-complex="12pt"/></style:style><style:style style:name="T5" style:family="text"><style:text-properties fo:color="#7c7bae" style:font-name="DejaVuSans-Bold" fo:font-size="12pt" style:font-size-asian="12pt" style:font-size-complex="12pt"/></style:style><style:style style:name="Sect1" style:family="section"><style:section-properties style:editable="false"><style:columns fo:column-count="1" fo:column-gap="0cm"/></style:section-properties></style:style></office:automatic-styles><office:body><office:text text:use-soft-page-breaks="true"><text:sequence-decls><text:sequence-decl text:display-outline-level="0" text:name="Illustration"/><text:sequence-decl text:display-outline-level="0" text:name="Table"/><text:sequence-decl text:display-outline-level="0" text:name="Text"/><text:sequence-decl text:display-outline-level="0" text:name="Drawing"/></text:sequence-decls><text:p text:style-name="Standard">[[ repeatIn(objects,&apos;objeto&apos;) ]]</text:p><text:section text:style-name="Sect1" text:name="reporte"><table:table table:name="Tabla1" table:style-name="Tabla1"><table:table-column table:style-name="Tabla1.A" table:number-columns-repeated="3"/><table:table-column table:style-name="Tabla1.D"/><table:table-row><table:table-cell table:style-name="Tabla1.A1" office:value-type="string"><text:p text:style-name="P5"/><text:p text:style-name="P5">Código referencia</text:p></table:table-cell><table:table-cell table:style-name="Tabla1.A1" office:value-type="string"><text:p text:style-name="P14">[[ objeto.number ]]</text:p></table:table-cell><table:table-cell table:style-name="Tabla1.A1" office:value-type="string"><text:p text:style-name="P11"/></table:table-cell><table:table-cell table:style-name="Tabla1.A1" office:value-type="string"><text:p text:style-name="Table_20_Contents"/></table:table-cell></table:table-row><table:table-row table:style-name="Tabla1.2"><table:table-cell table:style-name="Tabla1.A1" office:value-type="string"><text:p text:style-name="P5">Descripción</text:p></table:table-cell><table:table-cell table:style-name="Tabla1.A1" table:number-columns-spanned="3" office:value-type="string"><text:p text:style-name="P14">[[ objeto.name ]]</text:p></table:table-cell><table:covered-table-cell/><table:covered-table-cell/></table:table-row><table:table-row><table:table-cell table:style-name="Tabla1.A1" office:value-type="string"><text:p text:style-name="P5">Fecha alta</text:p></table:table-cell><table:table-cell table:style-name="Tabla1.A1" office:value-type="string"><text:p text:style-name="Table_20_Contents">[[ objeto.fechaalta or &apos;&apos; ]]</text:p></table:table-cell><table:table-cell table:style-name="Tabla1.A1" office:value-type="string"><text:p text:style-name="P10">Fecha cierre</text:p></table:table-cell><table:table-cell table:style-name="Tabla1.A1" office:value-type="string"><text:p text:style-name="Table_20_Contents">[[ objeto.fechacierre or &apos;&apos; ]]</text:p></table:table-cell></table:table-row><table:table-row><table:table-cell table:style-name="Tabla1.A1" office:value-type="string"><text:p text:style-name="P5">Número de autos</text:p></table:table-cell><table:table-cell table:style-name="Tabla1.A1" office:value-type="string"><text:p text:style-name="Table_20_Contents">[[ objeto.nroautos or &apos;&apos; ]]</text:p></table:table-cell><table:table-cell table:style-name="Tabla1.A1" office:value-type="string"><text:p text:style-name="P9"/></table:table-cell><table:table-cell table:style-name="Tabla1.A1" office:value-type="string"><text:p text:style-name="Table_20_Contents"/></table:table-cell></table:table-row><table:table-row><table:table-cell table:style-name="Tabla1.A1" office:value-type="string"><text:p text:style-name="P5">Tipo Expediente</text:p></table:table-cell><table:table-cell table:style-name="Tabla1.A1" office:value-type="string"><text:p text:style-name="P15">[[ objeto.tipoexpediente.name or &apos;&apos; ]]</text:p></table:table-cell><table:table-cell table:style-name="Tabla1.A1" office:value-type="string"><text:p text:style-name="P9"/><text:p text:style-name="P10">N.I.G</text:p></table:table-cell><table:table-cell table:style-name="Tabla1.A1" office:value-type="string"><text:p text:style-name="P1">[[ objeto.nig or &apos;&apos; ]]</text:p></table:table-cell></table:table-row><table:table-row><table:table-cell table:style-name="Tabla1.A1" office:value-type="string"><text:p text:style-name="P5">Referencia cliente</text:p></table:table-cell><table:table-cell table:style-name="Tabla1.A1" office:value-type="string"><text:p text:style-name="P8">[[ objeto.cliente or &apos;&apos; ]]</text:p></table:table-cell><table:table-cell table:style-name="Tabla1.A1" office:value-type="string"><text:p text:style-name="P10">Tipo Asunto</text:p></table:table-cell><table:table-cell table:style-name="Tabla1.A1" office:value-type="string"><text:p text:style-name="Table_20_Contents">[[ objeto.tipoasunto.name or &apos;&apos; ]]</text:p></table:table-cell></table:table-row><table:table-row><table:table-cell table:style-name="Tabla1.A1" office:value-type="string"><text:p text:style-name="P5">Tipo Procedimiento</text:p></table:table-cell><table:table-cell table:style-name="Tabla1.A1" office:value-type="string"><text:p text:style-name="Table_20_Contents">[[ objeto.tipoprocedimiento.name or &apos;&apos; ]]</text:p></table:table-cell><table:table-cell table:style-name="Tabla1.A1" office:value-type="string"><text:p text:style-name="P10">Referencia procurador</text:p></table:table-cell><table:table-cell table:style-name="Tabla1.A1" office:value-type="string"><text:p text:style-name="Table_20_Contents">[[ objeto.procurador or &apos;&apos; ]]</text:p></table:table-cell></table:table-row><table:table-row><table:table-cell table:style-name="Tabla1.A1" office:value-type="string"><text:p text:style-name="P5">Ubicación del expediente</text:p></table:table-cell><table:table-cell table:style-name="Tabla1.A1" office:value-type="string"><text:p text:style-name="Table_20_Contents">[[ objeto.refpropia or &apos;&apos; ]]</text:p></table:table-cell><table:table-cell table:style-name="Tabla1.A1" office:value-type="string"><text:p text:style-name="P10">Estado</text:p></table:table-cell><table:table-cell table:style-name="Tabla1.A1" office:value-type="string"><text:p text:style-name="Table_20_Contents">[[ objeto.state or &apos;&apos; ]]</text:p></table:table-cell></table:table-row></table:table><text:p text:style-name="P18"/><text:p text:style-name="P6">Participantes</text:p><text:section text:style-name="Sect1" text:name="propios"><text:p text:style-name="P27"><text:span text:style-name="T4">[[ &apos;&apos; if objeto.propios_ids else removeParentNode(&apos;section&apos;) ]]</text:span><text:span text:style-name="T2">Propios</text:span></text:p><table:table table:name="Tabla2" table:style-name="Tabla2"><table:table-column table:style-name="Tabla2.A"/><table:table-column table:style-name="Tabla2.B"/><table:table-row><table:table-cell table:style-name="Tabla2.A1" office:value-type="string"><text:p text:style-name="P12">Cliente</text:p></table:table-cell><table:table-cell table:style-name="Tabla2.B1" office:value-type="string"><text:p text:style-name="P12">Categoría</text:p></table:table-cell></table:table-row><table:table-row table:style-name="Tabla2.2"><table:table-cell table:style-name="Tabla2.A2" office:value-type="string"><text:p text:style-name="P46">[[ repeatIn(objeto.propios_ids, &apos;cli&apos;) ]][[ cli.partner_id.name ]]</text:p></table:table-cell><table:table-cell table:style-name="Tabla2.B2" office:value-type="string"><text:p text:style-name="P46">[[ cli.categoria.name ]]</text:p></table:table-cell></table:table-row></table:table><text:p text:style-name="P48"/></text:section><text:section text:style-name="Sect1" text:name="contrarios"><text:p text:style-name="P27"><text:span text:style-name="T4">[[ &apos;&apos; if objeto.contrarios_ids else removeParentNode(&apos;section&apos;) ]]</text:span><text:span text:style-name="T2">Contrarios</text:span></text:p><table:table table:name="Tabla7" table:style-name="Tabla7"><table:table-column table:style-name="Tabla7.A"/><table:table-column table:style-name="Tabla7.B"/><table:table-row><table:table-cell table:style-name="Tabla7.A1" office:value-type="string"><text:p text:style-name="P12">Cliente</text:p></table:table-cell><table:table-cell table:style-name="Tabla7.B1" office:value-type="string"><text:p text:style-name="P12">Categoría</text:p></table:table-cell></table:table-row><table:table-row table:style-name="Tabla7.2"><table:table-cell table:style-name="Tabla7.A2" office:value-type="string"><text:p text:style-name="P46">[[ repeatIn(objeto.contrarios_ids, &apos;cli&apos;) ]][[ cli.partner_id.name ]]</text:p></table:table-cell><table:table-cell table:style-name="Tabla7.B2" office:value-type="string"><text:p text:style-name="P46">[[ cli.categoria.name ]]</text:p></table:table-cell></table:table-row></table:table><text:p text:style-name="P48"/></text:section><text:section text:style-name="Sect1" text:name="comunes"><text:p text:style-name="P27"><text:span text:style-name="T4">[[ &apos;&apos; if objeto.comunes_ids else removeParentNode(&apos;section&apos;) ]]</text:span><text:span text:style-name="T2">Comunes</text:span></text:p><table:table table:name="Tabla8" table:style-name="Tabla8"><table:table-column table:style-name="Tabla8.A"/><table:table-column table:style-name="Tabla8.B"/><table:table-row><table:table-cell table:style-name="Tabla8.A1" office:value-type="string"><text:p text:style-name="P12">Cliente</text:p></table:table-cell><table:table-cell table:style-name="Tabla8.B1" office:value-type="string"><text:p text:style-name="P12">Categoría</text:p></table:table-cell></table:table-row><table:table-row table:style-name="Tabla8.2"><table:table-cell table:style-name="Tabla8.A2" office:value-type="string"><text:p text:style-name="P46">[[ repeatIn(objeto.comunes_ids, &apos;cli&apos;) ]][[ cli.partner_id.name ]]</text:p></table:table-cell><table:table-cell table:style-name="Tabla8.B2" office:value-type="string"><text:p text:style-name="P46">[[ cli.categoria.name ]]</text:p></table:table-cell></table:table-row></table:table><text:p text:style-name="P48"/></text:section><text:p text:style-name="P27"/><text:section text:style-name="Sect1" text:name="acciones"><text:p text:style-name="P6"><text:span text:style-name="T5">[[ &apos;&apos; if objeto.accion_ids else removeParentNode(&apos;section&apos;) ]]</text:span>Acciones</text:p><table:table table:name="Tabla4" table:style-name="Tabla4"><table:table-column table:style-name="Tabla4.A" table:number-columns-repeated="3"/><table:table-row table:style-name="Tabla4.1"><table:table-cell table:style-name="Tabla4.A1" office:value-type="string"><text:p text:style-name="P12">Asunto de la reunión<text:span text:style-name="T3"><text:tab/><text:tab/></text:span></text:p></table:table-cell><table:table-cell table:style-name="Tabla4.A1" office:value-type="string"><text:p text:style-name="P12">Fecha</text:p></table:table-cell><table:table-cell table:style-name="Tabla4.C1" office:value-type="string"><text:p text:style-name="P12">Duración</text:p></table:table-cell></table:table-row><table:table-row table:style-name="Tabla4.1"><table:table-cell table:style-name="Tabla4.A2" office:value-type="string"><text:p text:style-name="P46"><text:span text:style-name="T1">[[ repeatIn(objeto.accion_ids,&apos;acciones&apos;) ]]</text:span>[[ acciones.name ]]</text:p></table:table-cell><table:table-cell table:style-name="Tabla4.A2" office:value-type="string"><text:p text:style-name="P46">[[ acciones.date ]]</text:p></table:table-cell><table:table-cell table:style-name="Tabla4.C2" office:value-type="string"><text:p text:style-name="P46">[[ acciones.duration ]]</text:p></table:table-cell></table:table-row></table:table><text:p text:style-name="P39"/></text:section><text:section text:style-name="Sect1" text:name="emails"><text:p text:style-name="P23"><text:span text:style-name="T4">[[ objeto.emails or removeParentNode(&apos;section&apos;) ]]</text:span><text:span text:style-name="T2">Emails</text:span></text:p><table:table table:name="Tabla3" table:style-name="Tabla3"><table:table-column table:style-name="Tabla3.A" table:number-columns-repeated="3"/><table:table-column table:style-name="Tabla3.D"/><table:table-row table:style-name="Tabla3.1"><table:table-cell table:style-name="Tabla3.A1" office:value-type="string"><text:p text:style-name="P12">Autor</text:p></table:table-cell><table:table-cell table:style-name="Tabla3.A1" office:value-type="string"><text:p text:style-name="P12">Destinatarios<text:span text:style-name="T3"><text:tab/></text:span></text:p></table:table-cell><table:table-cell table:style-name="Tabla3.A1" office:value-type="string"><text:p text:style-name="P12">Asunto</text:p></table:table-cell><table:table-cell table:style-name="Tabla3.D1" office:value-type="string"><text:p text:style-name="P12">Fecha</text:p></table:table-cell></table:table-row><table:table-row table:style-name="Tabla3.1"><table:table-cell table:style-name="Tabla3.A2" office:value-type="string"><text:p text:style-name="P46"><text:span text:style-name="T1">[[ repeatIn(objeto.emails,&apos;emails&apos;) ]]</text:span>[[ emails.author_id <text:soft-page-break/>]]</text:p></table:table-cell><table:table-cell table:style-name="Tabla3.A2" office:value-type="string"><table:table table:name="Tabla5" table:style-name="Tabla5"><table:table-column table:style-name="Tabla5.A"/><table:table-row><table:table-cell office:value-type="string"><text:p text:style-name="P46">[[ repeatIn(emails.partner_ids), <text:soft-page-break/>&apos;partner&apos; ]][[ partner.name ]]</text:p></table:table-cell></table:table-row></table:table><text:p text:style-name="P46"/></table:table-cell><table:table-cell table:style-name="Tabla3.A2" office:value-type="string"><text:p text:style-name="P46">[[ emails.subject ]]</text:p></table:table-cell><table:table-cell table:style-name="Tabla3.D2" office:value-type="string"><text:p text:style-name="P46">[[ emails.date ]]</text:p></table:table-cell></table:table-row></table:table><text:p text:style-name="P7"/></text:section><text:section text:style-name="Sect1" text:name="expedientes relacionados"><text:p text:style-name="P6"><text:span text:style-name="T5">[[ &apos;&apos; if objeto.expedientes_ids else removeParentNode(&apos;section&apos;) ]]</text:span>Expedientes Relacionados</text:p><table:table table:name="Tabla9" table:style-name="Tabla9"><table:table-column table:style-name="Tabla9.A" table:number-columns-repeated="3"/><table:table-row table:style-name="Tabla9.1"><table:table-cell table:style-name="Tabla9.A1" office:value-type="string"><text:p text:style-name="P12">Código referencia</text:p></table:table-cell><table:table-cell table:style-name="Tabla9.A1" office:value-type="string"><text:p text:style-name="P13">Descripción</text:p></table:table-cell><table:table-cell table:style-name="Tabla9.C1" office:value-type="string"><text:p text:style-name="P13">Referencia cliente</text:p></table:table-cell></table:table-row><table:table-row table:style-name="Tabla9.1"><table:table-cell table:style-name="Tabla9.A2" office:value-type="string"><text:p text:style-name="P46"><text:span text:style-name="T1">[[ repeatIn(objeto.expedientes_ids,&apos;expediente&apos;) ]]</text:span>[[ expediente.number ]]</text:p></table:table-cell><table:table-cell table:style-name="Tabla9.A2" office:value-type="string"><text:p text:style-name="P46">[[ expediente.name ]]</text:p></table:table-cell><table:table-cell table:style-name="Tabla9.C2" office:value-type="string"><text:p text:style-name="P46">[[ expediente.cliente ]]</text:p></table:table-cell></table:table-row></table:table><text:p text:style-name="P7"/></text:section><text:section text:style-name="Sect1" text:name="gastos"><text:p text:style-name="P6"><text:span text:style-name="T5">[[ &apos;&apos; if objeto.concepto_ids else removeParentNode(&apos;section&apos;) ]]</text:span>Gastos</text:p><table:table table:name="Tabla6" table:style-name="Tabla6"><table:table-column table:style-name="Tabla6.A"/><table:table-column table:style-name="Tabla6.B"/><table:table-column table:style-name="Tabla6.C"/><table:table-column table:style-name="Tabla6.D"/><table:table-column table:style-name="Tabla6.E"/><table:table-column table:style-name="Tabla6.F"/><table:table-column table:style-name="Tabla6.G"/><table:table-row table:style-name="Tabla6.1"><table:table-cell table:style-name="Tabla6.A1" office:value-type="string"><text:p text:style-name="P43">Fecha</text:p></table:table-cell><table:table-cell table:style-name="Tabla6.A1" office:value-type="string"><text:p text:style-name="P43">Descripción</text:p></table:table-cell><table:table-cell table:style-name="Tabla6.A1" office:value-type="string"><text:p text:style-name="P43">Cantidad</text:p></table:table-cell><table:table-cell table:style-name="Tabla6.A1" office:value-type="string"><text:p text:style-name="P43">Precio unidad</text:p></table:table-cell><table:table-cell table:style-name="Tabla6.A1" office:value-type="string"><text:p text:style-name="P43">Total</text:p></table:table-cell><table:table-cell table:style-name="Tabla6.A1" office:value-type="string"><text:p text:style-name="P43">A facturar</text:p></table:table-cell><table:table-cell table:style-name="Tabla6.G1" office:value-type="string"><text:p text:style-name="P43">Facturado</text:p></table:table-cell></table:table-row><table:table-row table:style-name="Tabla6.1"><table:table-cell table:style-name="Tabla6.A2" office:value-type="string"><text:p text:style-name="P47"><text:span text:style-name="T1">[[ repeatIn(objeto.concepto_ids,&apos;cli&apos;) ]]</text:span>[[ cli.fecha ]]</text:p></table:table-cell><table:table-cell table:style-name="Tabla6.A2" office:value-type="string"><text:p text:style-name="P47">[[ cli.name ]]</text:p></table:table-cell><table:table-cell table:style-name="Tabla6.A2" office:value-type="string"><text:p text:style-name="P47">[[ cli.cantidad ]]</text:p></table:table-cell><table:table-cell table:style-name="Tabla6.A2" office:value-type="string"><text:p text:style-name="P47">[[ cli.preciounidad ]]</text:p></table:table-cell><table:table-cell table:style-name="Tabla6.A2" office:value-type="string"><text:p text:style-name="P47">[[ cli.total ]]</text:p></table:table-cell><table:table-cell table:style-name="Tabla6.A2" office:value-type="string"><text:p text:style-name="P47">[[ cli.facturar ]]</text:p></table:table-cell><table:table-cell table:style-name="Tabla6.G2" office:value-type="string"><text:p text:style-name="P47">[[ cli.facturado ]]</text:p></table:table-cell></table:table-row><table:table-row table:style-name="Tabla6.1"><table:table-cell table:style-name="Tabla6.A3" office:value-type="string"><text:p text:style-name="P47"/></table:table-cell><table:table-cell table:style-name="Tabla6.A3" office:value-type="string"><text:p text:style-name="P47"/></table:table-cell><table:table-cell table:style-name="Tabla6.A3" table:number-columns-spanned="2" office:value-type="string"><text:p text:style-name="P21">Total</text:p></table:table-cell><table:covered-table-cell/><table:table-cell table:style-name="Tabla6.A3" office:value-type="string"><text:p text:style-name="P19">[[ objeto.totalgral ]]</text:p></table:table-cell><table:table-cell table:style-name="Tabla6.A3" office:value-type="string"><text:p text:style-name="P47"/></table:table-cell><table:table-cell table:style-name="Tabla6.A3" office:value-type="string"><text:p text:style-name="P47"/></table:table-cell></table:table-row><table:table-row table:style-name="Tabla6.1"><table:table-cell table:style-name="Tabla6.A4" office:value-type="string"><text:p text:style-name="P47"/></table:table-cell><table:table-cell table:style-name="Tabla6.A4" office:value-type="string"><text:p text:style-name="P47"/></table:table-cell><table:table-cell table:style-name="Tabla6.A4" table:number-columns-spanned="2" office:value-type="string"><text:p text:style-name="P21">Total facturado</text:p></table:table-cell><table:covered-table-cell/><table:table-cell table:style-name="Tabla6.A4" office:value-type="string"><text:p text:style-name="P19">[[ objeto.totalfacturado ]]</text:p></table:table-cell><table:table-cell table:style-name="Tabla6.A4" office:value-type="string"><text:p text:style-name="P47"/></table:table-cell><table:table-cell table:style-name="Tabla6.A4" office:value-type="string"><text:p text:style-name="P47"/></table:table-cell></table:table-row><table:table-row table:style-name="Tabla6.1"><table:table-cell table:style-name="Tabla6.A4" office:value-type="string"><text:p text:style-name="P47"/></table:table-cell><table:table-cell table:style-name="Tabla6.A4" office:value-type="string"><text:p text:style-name="P47"/></table:table-cell><table:table-cell table:style-name="Tabla6.A4" table:number-columns-spanned="2" office:value-type="string"><text:p text:style-name="P21">Saldo no facturado</text:p></table:table-cell><table:covered-table-cell/><table:table-cell table:style-name="Tabla6.A4" office:value-type="string"><text:p text:style-name="P19">[[ objeto.totalsinfacturar ]]</text:p></table:table-cell><table:table-cell table:style-name="Tabla6.A4" office:value-type="string"><text:p text:style-name="P47"/></table:table-cell><table:table-cell table:style-name="Tabla6.A4" office:value-type="string"><text:p text:style-name="P47"/></table:table-cell></table:table-row></table:table><text:p text:style-name="P32"/></text:section><text:section text:style-name="Sect1" text:name="facturas"><text:p text:style-name="P34"><text:span text:style-name="T5">[[ &apos;&apos; if objeto.facturas_ids else removeParentNode(&apos;section&apos;) ]]</text:span>Facturas</text:p><table:table table:name="Tabla10" table:style-name="Tabla10"><table:table-column table:style-name="Tabla10.A" table:number-columns-repeated="3"/><table:table-row table:style-name="Tabla10.1"><table:table-cell table:style-name="Tabla10.A1" office:value-type="string"><text:p text:style-name="P17">Fecha factura</text:p></table:table-cell><table:table-cell table:style-name="Tabla10.A1" office:value-type="string"><text:p text:style-name="P17">Empresa</text:p></table:table-cell><table:table-cell table:style-name="Tabla10.C1" office:value-type="string"><text:p text:style-name="P17">Documento origen</text:p></table:table-cell></table:table-row><table:table-row table:style-name="Tabla10.1"><table:table-cell table:style-name="Tabla10.A2" office:value-type="string"><text:p text:style-name="P47"><text:span text:style-name="T1">[[ repeatIn(objeto.facturas_ids,&apos;cli&apos;) ]]</text:span>[[ cli.date_invoice ]]</text:p></table:table-cell><table:table-cell table:style-name="Tabla10.A2" office:value-type="string"><text:p text:style-name="P47">[[ cli.partner_id.name ]]</text:p></table:table-cell><table:table-cell table:style-name="Tabla10.C2" office:value-type="string"><text:p text:style-name="P47">[[ cli.origin ]]</text:p></table:table-cell></table:table-row></table:table><text:p text:style-name="P31"/></text:section><text:section text:style-name="Sect1" text:name="archivos adjuntos"><text:p text:style-name="P6"><text:span text:style-name="T5">[[ &apos;&apos; if objeto.attachments else removeParentNode(&apos;section&apos;) ]]</text:span>Archivos adjuntos</text:p><table:table table:name="Tabla11" table:style-name="Tabla11"><table:table-column table:style-name="Tabla11.A"/><table:table-column table:style-name="Tabla11.B"/><table:table-row table:style-name="Tabla11.1"><table:table-cell table:style-name="Tabla11.A1" office:value-type="string"><text:p text:style-name="P16">Nombre del documento adjunto</text:p></table:table-cell><table:table-cell table:style-name="Tabla11.B1" office:value-type="string"><text:p text:style-name="P16">Tipo documento</text:p></table:table-cell></table:table-row><table:table-row table:style-name="Tabla11.1"><table:table-cell table:style-name="Tabla11.A2" office:value-type="string"><text:p text:style-name="P47"><text:span text:style-name="T1">[[ repeatIn(objeto.attachments,&apos;cli&apos;) ]]</text:span>[[ cli.name ]]</text:p></table:table-cell><table:table-cell table:style-name="Tabla11.B2" office:value-type="string"><text:p text:style-name="P47">[[ cli.tipodocumento.name ]]</text:p></table:table-cell></table:table-row></table:table><text:p text:style-name="P42"/></text:section><text:section text:style-name="Sect1" text:name="histórico"><text:p text:style-name="P6"><text:span text:style-name="T5">[[ &apos;&apos; if objeto.message_ids else removeParentNode(&apos;section&apos;) ]]</text:span>Histórico</text:p><table:table table:name="Tabla12" table:style-name="Tabla12"><table:table-column table:style-name="Tabla12.A"/><table:table-column table:style-name="Tabla12.B"/><table:table-column table:style-name="Tabla12.C"/><table:table-column table:style-name="Tabla12.D"/><table:table-row table:style-name="Tabla12.1"><table:table-cell table:style-name="Tabla12.A1" office:value-type="string"><text:p text:style-name="P2">Creado por</text:p></table:table-cell><table:table-cell table:style-name="Tabla12.A1" office:value-type="string"><text:p text:style-name="P4">[[ objeto.create_uid.name ]]</text:p></table:table-cell><table:table-cell table:style-name="Tabla12.A1" office:value-type="string"><text:p text:style-name="P2">Actualizado por</text:p></table:table-cell><table:table-cell table:style-name="Tabla12.A1" office:value-type="string"><text:p text:style-name="P4">[[ objeto.write_uid.name ]]</text:p></table:table-cell></table:table-row><table:table-row table:style-name="Tabla12.1"><table:table-cell table:style-name="Tabla12.A1" office:value-type="string"><text:p text:style-name="P2">Fecha de creación</text:p></table:table-cell><table:table-cell table:style-name="Tabla12.A1" office:value-type="string"><text:p text:style-name="P3">[[ objeto.create_date ]]</text:p></table:table-cell><table:table-cell table:style-name="Tabla12.A1" office:value-type="string"><text:p text:style-name="P2">Fecha de actualización</text:p></table:table-cell><table:table-cell table:style-name="Tabla12.A1" office:value-type="string"><text:p text:style-name="P3">[[ objeto.write_date ]]</text:p></table:table-cell></table:table-row></table:table><text:p text:style-name="P7"/><table:table table:name="Tabla13" table:style-name="Tabla13"><table:table-column table:style-name="Tabla13.A"/><table:table-row table:style-name="Tabla13.1"><table:table-cell table:style-name="Tabla13.A1" office:value-type="string"><text:p text:style-name="P17">Historia</text:p></table:table-cell></table:table-row><table:table-row table:style-name="Tabla13.1"><table:table-cell table:style-name="Tabla13.A2" office:value-type="string"><text:p text:style-name="P47"><text:span text:style-name="T1">[[ repeatIn(objeto.message_ids,&apos;cli&apos;) ]]</text:span>[[ cli.display_text ]]</text:p></table:table-cell></table:table-row></table:table><text:p text:style-name="P7"/></text:section><text:section text:style-name="Sect1" text:name="observaciones"><text:p text:style-name="P6"><text:span text:style-name="T5">[[ &apos;&apos; if objeto.notas_ids else removeParentNode(&apos;section&apos;) ]]</text:span>Observaciones</text:p><table:table table:name="Tabla14" table:style-name="Tabla14"><table:table-column table:style-name="Tabla14.A" table:number-columns-repeated="3"/><table:table-row table:style-name="Tabla14.1"><table:table-cell table:style-name="Tabla14.A1" office:value-type="string"><text:p text:style-name="P16">Texto de la nota</text:p></table:table-cell><table:table-cell table:style-name="Tabla14.A1" office:value-type="string"><text:p text:style-name="P16">Fecha</text:p></table:table-cell><table:table-cell table:style-name="Tabla14.C1" office:value-type="string"><text:p text:style-name="P16">Usuario</text:p></table:table-cell></table:table-row><table:table-row table:style-name="Tabla14.1"><table:table-cell table:style-name="Tabla14.A2" office:value-type="string"><text:p text:style-name="P47"><text:span text:style-name="T1">[[ repeatIn(objeto.notas_ids,&apos;cli&apos;) ]]</text:span>[[ cli.texto ]]</text:p></table:table-cell><table:table-cell table:style-name="Tabla14.A2" office:value-type="string"><text:p text:style-name="P47">[[ cli.fecha ]]</text:p></table:table-cell><table:table-cell table:style-name="Tabla14.C2" office:value-type="string"><text:p text:style-name="P47">[[ cli.user_id.name ]]</text:p></table:table-cell></table:table-row></table:table><text:p text:style-name="P7"/></text:section><text:p text:style-name="P24"><text:soft-page-break/></text:p></text:section><text:p text:style-name="Standard"/></office:text></office:body></office:document-content>