<?xml version="1.0" encoding="UTF-8"?>
<office:document-meta xmlns:office="urn:oasis:names:tc:opendocument:xmlns:office:1.0" xmlns:xlink="http://www.w3.org/1999/xlink" xmlns:dc="http://purl.org/dc/elements/1.1/" xmlns:meta="urn:oasis:names:tc:opendocument:xmlns:meta:1.0" xmlns:ooo="http://openoffice.org/2004/office" xmlns:grddl="http://www.w3.org/2003/g/data-view#" office:version="1.2"><office:meta><meta:initial-creator>Luis Michelena</meta:initial-creator><meta:creation-date>2013-05-22T16:33:05</meta:creation-date><dc:date>2013-05-27T16:11:51</dc:date><dc:creator>Luis Michelena</dc:creator><meta:editing-duration>PT22H5M39S</meta:editing-duration><meta:editing-cycles>34</meta:editing-cycles><meta:generator>LibreOffice/3.5$Linux_X86_64 LibreOffice_project/350m1$Build-2</meta:generator><meta:document-statistic meta:table-count="14" meta:image-count="0" meta:object-count="0" meta:page-count="3" meta:paragraph-count="117" meta:word-count="376" meta:character-count="3165" meta:non-whitespace-character-count="2903"/><meta:user-defined meta:name="Información 1">http://pruebas2:8069</meta:user-defined><meta:user-defined meta:name="Información 2">admin</meta:user-defined><meta:user-defined meta:name="Información 3"/><meta:user-defined meta:name="Información 4">expedientesgenerico</meta:user-defined></office:meta></office:document-meta>